Species,Accession number,Sequence,Length,Adenine,Cytosine,Guanine,Thymine,Uracil,Purine,Pyrimidines,Non-identified
Saimiri sciureus,AY843517.1,['ATGGCTTCCAGAATCCTGGGGAGTATAAAGGAGGAGGTGACCTGCCCCATCTGCCTGGAACTCCTGACAGAACCTCTGAGCCTAGACTGTGGCCACAGCTTCTGCCAAGCATGCATCACTGCAAATCACAAAGAGTCTATGCTACACCAAGGAGAGAGAAGCTGCCCTTTGTGCCGGCTCCCTTACCAGTCTGAGAACCTGCGGCCTAATCGGCATTTGGCCAGCATCGTGGAGAGGCTCAGGGAGGTCATGCTGAGACCAGAGGAAAGGCAGAACGTTGATCACTGTGCACGCCATGGAGAGAAACTTCTACTCTTCTGTGAGCAGGATGGAAATATCATTTGCTGGCTTTGTGAGCGGTCTCAAGAACACCGTGGTCACAACACATTCCTCGTGGAGGAGGTTGCACAGAAATACCGANNNNNNNNNNNNNNNNNNNNNNNNNNNNNNNNNNNNNNNNNNNNNNNNNNNNNNNNNNNNNNNNNNNNNNNNNNNNNNNNNNNNNNNNNNNNNNNNNNNNGAAAAGCTCCAGGTAGCTCTGGAGACAATGAGGCAGAAGCAGCAGGATGCTGAAAAGTTGGAAGCTGACGTCAGACAAGAGCAAGCTTCCTGGAAGNNNNNNNNNNNNNNNNNNNNNNNNNNNNNNNNNNNNNNNNNNNNNNNNNNNNNNNNNNNNNNNNNNNNNNNNNNNNNNNNNNNNNNNNNNNNNNNNNNNNATTCAAATACAAAATGACAAAACCAACATCATGGCAGAGTTTAAGCAACTGAGAGACATCCTGGACTGTGAGGAGAGCAATGAGCTGCAAAACCTGGAGAAGGAGGAGAAAAACATTCTGAAAAGACTTGTACAGTCTGAAAATGACATGGTGCTGCAGACCCAGTCCGTGAGAGTGCTCATCTCAGATCTGGAGCGTCGCCTGCAGGGGTCAGTGGTGGAGCTGTTACAGNNNNNNNNNNNNNNNNNNNNNNNNNNNNNNNNNNNNNNNNNNNNNNNNNNNNNNNNNNNNNNNNNNNNNNNNNNNNNNNNNNNNNNNNNNNNNNNNNNNNGATGTGGATGGTGTCATAAAAAGNNNNNNNNNNNNNNNNNNNNNNNNNNNNNNNNNNNNNNNNNNNNNNNNNNNNNNNNNNNNNNNNNNNNNNNNNNNNNNNNNNNNNNNNNNNNNNNNNNNNGATTGAGAAAGTGACTTTGCAGAAGCCAAAAACCTTCCTTAATGAAAAAAGGAGAGTATTTCGAGCTCCTGATCTGAAAAGAATGCTCCAAGTGTTAAAAGNNNNNNNNNNNNNNNNNNNNNNNNNNNNNNNNNNNNNNNNNNNNNNNNNNNNNNNNNNNNNNNNNNNNNNNNNNNNNNNNNNNNNNNNNNNNNNNNNNNNAACTGACAGAAGTCCAACGCTACTGGGNNNNNNNNNNNNNNNNNNNNNNNNNNNNNNNNNNNNNNNNNNNNNNNNNNNNNNNNNNNNNNNNNNNNNNNNNNNNNNNNNNNNNNNNNNNNNNNNNNNNCTCATGTGACACTGGTTCCAAGTCACCCTTCATATACTATCATTTCTGAAGATGGGAGACAAGTGAGATATCAGAAACCTATACGTCACCTACTTGTGAAAGTCCAGTATTTTTATGGCGTCCTGGGCTCCCCAAGTATCACATCAGGGAAACATTACTGGGAGGTAGACGTGTCCAATAAAAGGGCTTGGACCCTGGGGGTATGTGTTAGCTTGAAATGTACTGCAAATCAGAGTGTTTCAGGAACTGAAAATTATCAACCTAAAAATGGCTACTGGGTTATAGGGTTACGGAATGCAGGTAACTATAGGGCTTTCCAGAGTTCATTTGAATTTCGTGATTTCCTGGCTGGTTCCCGCCTTACTCTTTCTCCTCCTTTGATCGTGCCCCTCTTTATGACTATTTGTCCTAATCGGGTCGGAGTTTTCCTAGACTATGAGGCTCGCACTATCTCATTCTTCAATGTCACAAGCAATGGATTTCTCATCTACAAGTTTTCTGACTGTCATTTTTCTTATCCTGTATTTCCATATTTCAATCCTATGACGTGTGAATTACCCATGACTCTGTGCTCACCAAGGTCTTGA'],2089,0.2015318334131163,0.15509813307802778,0.17568214456677836,0.17855433221637146,0.0,0.3772139779798947,0.17855433221637146,0.2872187649593107
Erythrocebus patas,AY843514.1,['ATGGCTTCTGGAATCCTGCTTAATGTAAAGGAGGAGGTGACCTGTCCTATCTGCCTGGAACTCCTGACAGAACCCCTGAGTCTGCCCTGCGGCCACAGCTTCTGCCAAGCGTGCATCACTGCAAACCACAAGAAGTCCATGCTATACAAAGAAGAAGAGAGAAGCTGCCCTGTGTGCCGGATCAGTTACCAGCCTGAGAACATACAGCCTAATCGGCATGTAGCCAACATAGTGGAGAAGCTCAGAGAGGTCAAGTTGAGCCCAGAAGAGGGGCAGAAGGTTGATCACTGTGCACGCCATGGAGAGAAACTCCTACTCTTCTGTCAGGAGGACAGGAAGGTCATTTGCTGGCTTTGTGAGCGGTCTCAGGAGCACCGTGGTCACCACACTTTCCTCATGGAGGAGGTTGCCCAGGAGTACCATNNNNNNNNNNNNNNNNNNNNNNNNNNNNNNNNNNNNNNNNNNNNNNNNNNNNNNNNNNNNNNNNNNNNNNNNNNNNNNNNNNNNNNNNNNNNNNNNNNNNGTGAAGCTCCAGACAGCTCTGGAGATGCTGAGGCAGAAGCAGCAGGAAGCTGAAAAGTTGGAAGCTGACATCAGAGAAGAGAAAGCTTCCTGGAAGNNNNNNNNNNNNNNNNNNNNNNNNNNNNNNNNNNNNNNNNNNNNNNNNNNNNNNNNNNNNNNNNNNNNNNNNNNNNNNNNNNNNNNNNNNNNNNNNNNNNATTCAAATAGACTACGACAAAACCAACGTCTTGGCAGATTTTGAGCAACTGAGAGAGATCCTGGACTGGGAGGAGAGCAATGAGCTGCAGTACCTGGAGAAGGAGGAAGAAGACATTCTGAAAAGCCTTACGAAGTCTGAAACGAAGATGGTGCGGCAGACCCAGTACGTGAGAGAGCTCATCTCAGATCTGGAGCATCGGTTGCAGGGGTCAATGATGGAGCTGCTGCAGNNNNNNNNNNNNNNNNNNNNNNNNNNNNNNNNNNNNNNNNNNNNNNNNNNNNNNNNNNNNNNNNNNNNNNNNNNNNNNNNNNNNNNNNNNNNNNNNNNNNGGTGTGGATGGCATCATTAAAAGNNNNNNNNNNNNNNNNNNNNNNNNNNNNNNNNNNNNNNNNNNNNNNNNNNNNNNNNNNNNNNNNNNNNNNNNNNNNNNNNNNNNNNNNNNNNNNNNNNNNGATTGAGAACATGACCTTGAAGAAGCCAGAAACATTTCACAAAAATCAAAGGAGAGTGTTTCGAGCTCCTGCTCTGAAAGGAATGCTAGACATGTTTAGAGNNNNNNNNNNNNNNNNNNNNNNNNNNNNNNNNNNNNNNNNNNNNNNNNNNNNNNNNNNNNNNNNNNNNNNNNNNNNNNNNNNNNNNNNNNNNNNNNNNNNAGCTAACAGATGTCCGGCGCTACTGGGNNNNNNNNNNNNNNNNNNNNNNNNNNNNNNNNNNNNNNNNNNNNNNNNNNNNNNNNNNNNNNNNNNNNNNNNNNNNNNNNNNNNNNNNNNNNNNNNNNNNTTGATGTGACACTGGCTCCAAACAACATTTCGCATGTTGTCATTGCTGAAGATAAGAGACAAGTGAGCTCTCGGAACCCACAGATAATGTATTGGGCACAAGGGAAATTATTTCAGTCACTCAAGAATTTCAATTATTGTACTGGCATCCTGGGCTCCCAAAGTATCACATCAGGGAAACATTACTGGGAGGTAGATGTGTCCAAGAAAAGTGCTTGGATCCTGGGGGTATGTGCTGGCTTCCAACCCGATGCAATGTATGATGTTGAACAAAATGAAAATTATCAACCTAAATATGGCTACTGGGTTATAGGGTTACAGGAAGGAGTAAAATATAGTGTTTTCCAGGATGGTTCCTCACATACTCCTTTTGCTCCTTTCATTGCGCCCCTCTCTGTGATTTTTTGTCCTGATCGTGTTGGAGTTTTCGTAGACTATGAGGCTTGCACTGTCTCATTCTTCAATATCACAAACCATGGATTTCTCATCTATAAGTTTTCTCAGTGTTCTTTTTCTAAGCCTGTATTTCCATATTTAAATCCCAGAAAATGTACAGTCCCCATGACTCTGTGCTCACCAAGCTCTTGA'],2092,0.20363288718929254,0.15105162523900573,0.18212237093690248,0.17447418738049714,0.0,0.38575525812619504,0.17447418738049714,0.28680688336520077
Colobus guereza,AY843507.1,['ATGGCTTCTGGAATCCTGGTTAATATAAAGGAGGAGGTGACCTGCCCCATCTGCCTGGAACTCCTGACAGAACCCCTGAGTCTGCACTGCGGCCACAGCTTCTGCCAAGCGTGCATCACTGCAAACCACAAGAAGTCCATGCTATACAAAGAAGGAGAGAGAAGCTGCCCTGTGTGCCGGATCAGTTACCAGCCTGAGAACATACGGCCTAATCGGCATGTGGCCAACATAGTGGAGAAGCTCAGGGAGGTCAAGTTGAGCCCAGAAGAGGGGCAGAAGGTTGATCACTGTGCACGCCATGGAGAGAAACTCCTACTCTTCTGTCAGGAGGACAGGAAGGTCATTTGCTGGCTTTGTGAGCGGTCTCAGGAGCACCGTGGTCACCACACGTTCCTCATGGAGGAGGTTGCCCAGGAGTACCACNNNNNNNNNNNNNNNNNNNNNNNNNNNNNNNNNNNNNNNNNNNNNNNNNNNNNNNNNNNNNNNNNNNNNNNNNNNNNNNNNNNNNNNNNNNNNNNNNNNNGTGAAGCTCCAGACAGCTCTGGAGATGCTGAGGCAGAAGCAGCAGGAAGCTGAAAAGTTGGAAGCTGACATCAGAGAAGAGAAAGCTTCCTGGAAGNNNNNNNNNNNNNNNNNNNNNNNNNNNNNNNNNNNNNNNNNNNNNNNNNNNNNNNNNNNNNNNNNNNNNNNNNNNNNNNNNNNNNNNNNNNNNNNNNNNNATTCAAATAGACTATGACAAAACCAACGTCTTGGCAGATTTTGAGCAACTGAGAGAGATCCTGGACTGGGAGGAGAGCAATGAGCTGCAGAACCTGGAGAAGGAGGAGGAAGACATTCTGAAAAGCCTTACGAAGTCTGAAACTGAGATGGTGCAGCAGACCCAGTACATGAGAGAGCTCGTCTCAGATCTGGAGCATCGGTTGCAGGGGTCAGTGATGGAGCTGCTGCAGNNNNNNNNNNNNNNNNNNNNNNNNNNNNNNNNNNNNNNNNNNNNNNNNNNNNNNNNNNNNNNNNNNNNNNNNNNNNNNNNNNNNNNNNNNNNNNNNNNNNGGTGTGGATGGCATCATAAAAAGNNNNNNNNNNNNNNNNNNNNNNNNNNNNNNNNNNNNNNNNNNNNNNNNNNNNNNNNNNNNNNNNNNNNNNNNNNNNNNNNNNNNNNNNNNNNNNNNNNNNGATTGAGGACATGACCTTGAAGAAGCCAAAAACTTTTCCCAAAAATCAAAGGAGAGTGTTTCGAGCTCCTGATCTGAAAGGAATGCTAGACATGTTTAGAGNNNNNNNNNNNNNNNNNNNNNNNNNNNNNNNNNNNNNNNNNNNNNNNNNNNNNNNNNNNNNNNNNNNNNNNNNNNNNNNNNNNNNNNNNNNNNNNNNNNNAGCTAACAGATGTCCGACGCTACTGGGNNNNNNNNNNNNNNNNNNNNNNNNNNNNNNNNNNNNNNNNNNNNNNNNNNNNNNNNNNNNNNNNNNNNNNNNNNNNNNNNNNNNNNNNNNNNNNNNNNNNTTGATGTGACACTGGCTCCAAACAACATTTCACATGCTGTCATTGCTGAAGATAAGAGACGAGTGAGCTCTCCGAACCCACAGATAATGTATCGGGCACAAGGGACATTATTTCAGTCACTCAAGAATTTCATTTATTGTACTGGCGTCCTGGGCTCCCAAAGTATCACATCAGGGAAACATTACTGGGAGGTAGATGTGTCCAAGAAAAGTGCTTGGATCCTGGGGGTATGTGCTGGCTTCCAACCCGATGCAATGTATAATATTGAACAAAATGAAAATTATCAACCTAAATATGGCTACTGGGTTATAGGGTTACAGGAAGGAGTTAAATATAGTGTTTTCCAGGATGGTTCCTCACATACTCCTTTTGCTCCTTTCATTGTGCCCCTCTCTGTGATCATTTGTCCTGATCGTGTTGGAGTTTTCGTAGACTATGAGGCTTGCACTGTCTCATTCTTCAATATCACAAACCATGGATTTCTCATCTATAAGTTTTCTCAGTGTTCTTTTTCTAAGCCTGTATTTCCATATTTAAATCCTAGAAAATGTACAGTCCCCATGACTCTGTGCTCACCAAGCTCTTGA'],2092,0.20219885277246655,0.15248565965583175,0.1835564053537285,0.17304015296367112,0.0,0.38575525812619504,0.17304015296367112,0.28680688336520077
Chlorocebus aethiops,AY843504.1,['ATGGCTTCTGGAATCCTGCTTAATGTAAAGGAGGAGGTGACCTGTCCCATCTGCCTGGAACTCCTGACAGAACCCCTGAGTCTGCCCTGCGGCCACAGCTTCTGCCAAGCGTGCATCACTGCAAACCACAAGGAGTCCATGCTATACAAAGAAGAAGAGAGAAGCTGCCCTGTGTGCCGGATCAGTTACCAGCCTGAGAATATACAGCCTAATCGGCATGTAGCCAACATAGTGGAGAAGCTCAGAGAGGTCAAGTTGAGCCCAGAAGAGGGGCAGAAGGTTGATCACTGTGCACGCCATGGAGAGAAACTCCTACTCTTCTGTCAGGAGGACAGCAAGGTCATTTGCTGGCTTTGTGAGCGGTCTCAGGAGCACCGTGGTCACCACACTTTCCTCATGGAGGAGGTTGCCCAGGAGTACCATNNNNNNNNNNNNNNNNNNNNNNNNNNNNNNNNNNNNNNNNNNNNNNNNNNNNNNNNNNNNNNNNNNNNNNNNNNNNNNNNNNNNNNNNNNNNNNNNNNNNGTGAAGCTCCAGACAGCTCTGGAGATGCTGAGGCAGAAGCAGCAGGAAGCTGAAAAGTTGGAAGCTGACATCAGAGAAGAGAAAGCTTCCTGGAAGNNNNNNNNNNNNNNNNNNNNNNNNNNNNNNNNNNNNNNNNNNNNNNNNNNNNNNNNNNNNNNNNNNNNNNNNNNNNNNNNNNNNNNNNNNNNNNNNNNNNATTCAAATAGACTACGACAAAACCAACGTCTCGGCAGATTTTGAGCAACTGAGAGAGATCCTGGACTGGGAGGAGAGCAATGAGCTGCAGAACCTGGAGAAGGAGGAAGAAGACATTCTGAAAAGCCTTACGAAGTCTGAAACGGAGATGGTGCAGCAGACCCAGTACATGAGAGAGCTCATCTCAGATCTGGAGCATCGGTTGCAGGGGTCAATGATGGAGCTGCTGCAGNNNNNNNNNNNNNNNNNNNNNNNNNNNNNNNNNNNNNNNNNNNNNNNNNNNNNNNNNNNNNNNNNNNNNNNNNNNNNNNNNNNNNNNNNNNNNNNNNNNNGGTGTGGATGGCATCATTAAAAGNNNNNNNNNNNNNNNNNNNNNNNNNNNNNNNNNNNNNNNNNNNNNNNNNNNNNNNNNNNNNNNNNNNNNNNNNNNNNNNNNNNNNNNNNNNNNNNNNNNNGATTGAGAACATGACCTTGAAGAAGCCAAAAACATTTCACAAAAATCAAAGGAGAGTGTTTCGAGCTCCTGATCTGAAAGGAATGCTAGACATGTTTAGAGNNNNNNNNNNNNNNNNNNNNNNNNNNNNNNNNNNNNNNNNNNNNNNNNNNNNNNNNNNNNNNNNNNNNNNNNNNNNNNNNNNNNNNNNNNNNNNNNNNNNAGCTAACAGATGTCCGACGCTACTGGGNNNNNNNNNNNNNNNNNNNNNNNNNNNNNNNNNNNNNNNNNNNNNNNNNNNNNNNNNNNNNNNNNNNNNNNNNNNNNNNNNNNNNNNNNNNNNNNNNNNNTTGATGTGACACTGGCTCCAAACAACATTTCGCATGCTGTCATTGCTGAAGATAAGAGACAAGTGAGCTATCAGAACCCACAGATAATGTATCAGGCACCAGGGTCATCATTTGGGTCACTCACGAATTTCAATTATTGTACTGGCGTCCTGGGCTCCCAAAGTATCACATCAAGGAAACTCACGAATTTCAATTATTGTACTGGCGTCCTGGGCTCCCAAAGTATCACATCAGGGAAACATTACTGGGAGGTAGATGTGTCCAAGAAAAGTGCTTGGATCCTGGGGGTATGTGCTGGCTTCCAACCCGATGCAACGTATAATATTGAACAAAATGAAAATTATCAACCTAAATATGGATACTGGGTTATAGGGTTACAGGAAGGAGATAAATATAGTGTTTTCCAGGATAGTTCCTCACATACTCCTTTTGCTCCTTTCATTGTGCCCCTCTCTGTGATTATTTGTCCTGATCGTGTTGGAGTTTTCGTAGACTATGAGGCTTGCACTGTCTCATTCTTCAATATCACAAACCATGGATTTCTCATCTATAAGTTTTCTCAGTGTTCTTTTTCTAAGCCTGTATTTCCATATTTAAATCCCAGAAAATGTACAGTCCCCATGACTCTGTGCTCACCAAGCTCTTGA'],2152,0.20910780669144982,0.15566914498141263,0.17983271375464685,0.17472118959107807,0.0,0.38894052044609667,0.17472118959107807,0.2788104089219331
Alouatta sara,AY843511.1,['ATGGCTTCCAAAATCCTGGTGAATATAAAGGAGGAGGTGACCTGCCCCATCTGCCTGGAACTACTGACAGAACCTCTGAGCCTAGACTGTGGCCACAGCTTCTGCCAAGCATGCATCACTGCAAACCACAAAGAGTCCAGAGAGAGAAGCTGCCCTTTGTGCCGGGTCAGTTACCACTCTGAGAACCTGCGGCCTAATCGGCATTTGGCCAACATAGCGGAGAGGCTCAGGGAGGTCATGTTGAGCCCAGAGGAGGGGCAGAAGGTTGATCGCTGTGCACGCCATGGAGAGAAACTTCTACTCTTCTGTCAGCAGCATGGAAATGTCATTTGCTGGCTTTGTGAGCGGTCTGAAGAACACCGTGGTCACCGCACATCCCTCGTGGAGGAGGTTGCACAGAAATACCGANNNNNNNNNNNNNNNNNNNNNNNNNNNNNNNNNNNNNNNNNNNNNNNNNNNNNNNNNNNNNNNNNNNNNNNNNNNNNNNNNNNNNNNNNNNNNNNNNNNNGAAAAGCTCCAGGCAGCTCTGGAGATGATGAGGCAGAAGGAGCAGGATGCTGAAATGTTGGAAGCTGACGTCAGAGAAGAGCAAGCTTCCTGGAAGNNNNNNNNNNNNNNNNNNNNNNNNNNNNNNNNNNNNNNNNNNNNNNNNNNNNNNNNNNNNNNNNNNNNNNNNNNNNNNNNNNNNNNNNNNNNNNNNNNNNATTCAAATAGAAAATGACAAAACCAGCACCCTGGCAGAGTTTAAGCAACTGAGAGACATCCTGGACTGTGAGGAGAGCAACGAGCTGCAAAAACTGGAGAAGGAGGAGGAAAACCTTCTGAAAAGACTTGTACAGTCTGAAAATGACATGGTGTTGCAGACCCAGTCCATAAGAGTGCTCATTGCAGACCTGGAGCGTCGCCTGCAGGGGTCAGTTATGGAGCTGTTACAGNNNNNNNNNNNNNNNNNNNNNNNNNNNNNNNNNNNNNNNNNNNNNNNNNNNNNNNNNNNNNNNNNNNNNNNNNNNNNNNNNNNNNNNNNNNNNNNNNNNNGGTGTGGAAGGCGTCATAAAAAGNNNNNNNNNNNNNNNNNNNNNNNNNNNNNNNNNNNNNNNNNNNNNNNNNNNNNNNNNNNNNNNNNNNNNNNNNNNNNNNNNNNNNNNNNNNNNNNNNNNNGATTAAGAACGTGACTTTGCAGAAGCCAGAAACCTTTCTTAATGAAAAAAGGAGAGTATTTCAAGCTCCTGATCTGAAAGGAATGCTACAAGTGTTTAAAGNNNNNNNNNNNNNNNNNNNNNNNNNNNNNNNNNNNNNNNNNNNNNNNNNNNNNNNNNNNNNNNNNNNNNNNNNNNNNNNNNNNNNNNNNNNNNNNNNNNNAGCTGAAAGAAGTCCAGTGCTACTGGGNNNNNNNNNNNNNNNNNNNNNNNNNNNNNNNNNNNNNNNNNNNNNNNNNNNNNNNNNNNNNNNNNNNNNNNNNNNNNNNNNNNNNNNNNNNNNNNNNNNNCTCATGTGACACTGATTCCGAATCACCCTTCATGTACTGTCATTTCTGAAGATAAGAGAGAAGTGAGATATCAGGAACAGATACATCATCACCCGTCTATGGAAGTCAAGTATTTTTATGGCATCCTGGGCTCCCCAAGTATCACATCAGGGAAACATTACTGGGAGGTAGACGTGTCCAATAAAAGTGCTTGGATCCTGGGGGTATGTGTCAGCTTGAAATGCATTGGAAATTTTCCAGGAATTGAAAATTATCAACCTCAAAATGGCTACTGGGTTATAGGGTTACGGAATGCAGATAACTATAGTGCTTTCCAAGATGCAGTTCCAGAAACTGAAAATTATCAACCTAAAAATCGCAACCGGTTTACAGGGTTACAGAATGCAGATAATTGTAGTGCTTTCCAGAATGCATTTCCAGGAATTCAAAGTTATCAACCTAAAAAGAGCCACTTGTTTACAGGGTTACAGAATCTAAGTAACTATAATGCTTTCCAGAATAAAGTTCAATATAACTATATTGATTTTCAGGATGATTCCCTCTCTACTCCTTCTGCTCCTTTGATCGTACCCCTCTTTATGACTATTTGTCCTAAACGTGTTGGAGTTTTCCTAGACTATGAGGCTTGCACTGTCTCATTCTTCAATGTCACAAGCAATGGATATCTCATCTATAAGTTTTCTAACTGTCAGTTTTCTTATCCTGTATTTCCATATTTCAGTCCTATGACATGTGAATTACCCATGACTCTGTGCTCACCAAGCTCTTGA'],2260,0.21858407079646017,0.15309734513274337,0.1747787610619469,0.18628318584070797,0.0,0.3933628318584071,0.18628318584070797,0.26548672566371684
Ateles geoffroyi,AY843516.1,['ATGGCTTCCGAAATCCTGTTGAATATAAAGGAGGAGGTGACCTGCCCCATCTGCCTGGAACTACTGACAGAACCTCTGAGCCTAGACTGTGGCCACAGCTTCTGCCAAGCATGCATCACTGCAAACCACAAAGAGTCTACGCTACACCAAGGAGAGAGAAGCTGCCCTTTGTGCCGGGTCAGTTACCAGTCTGAGAACCTGCGGCCTAATCGGCATTTGGCAAACATAGCGGAGAGGCTCAGGGAGGTCATGTTGAGCCCAGAGGAAGGGCAGAAGGTTGATCGCTGTGCACGCCATGGAGAGAAACTTCTACTCTTCTGTCAGCAGCATGGAAATGTCATTTGCTGGCTTTGTGAGCGGTCTCAAGAACACCGTGGTCACAGCACATTCCTCGTGGAGGAGGTTGCACAGAAATACCAANNNNNNNNNNNNNNNNNNNNNNNNNNNNNNNNNNNNNNNNNNNNNNNNNNNNNNNNNNNNNNNNNNNNNNNNNNNNNNNNNNNNNNNNNNNNNNNNNNNNGAAAAGCTCCAGGTAGCTCTGGAGATGATGAGGCAGAAGCAGCAGGATGCTGAAAAGTTGGAAGCTGATGTCAGAGAAGAGCAAGCTTCCTGGAAGNNNNNNNNNNNNNNNNNNNNNNNNNNNNNNNNNNNNNNNNNNNNNNNNNNNNNNNNNNNNNNNNNNNNNNNNNNNNNNNNNNNNNNNNNNNNNNNNNNNNATTCAAATAGAAAATGACAAAACCAACATCCTGGCAGAGTTTAAGCAACTGAGAGACATCCTGGACTGTGAGGAGAGCAATGAGCTACAAAACTTGGAGAAGGAGGAGGAAAACCTTCTGAAAACACTTGCACAGTCTGAAAATGACATGGTGCTGCAGACCCAGTCCATGAGAGTGCTCATCGCAGATCTGGAGCACCGCCTGCAGGGGTCAGTGATGGAGCTGTTACAGNNNNNNNNNNNNNNNNNNNNNNNNNNNNNNNNNNNNNNNNNNNNNNNNNNNNNNNNNNNNNNNNNNNNNNNNNNNNNNNNNNNNNNNNNNNNNNNNNNNNGATGTGGAAGGCGTCATAAAAAGNNNNNNNNNNNNNNNNNNNNNNNNNNNNNNNNNNNNNNNNNNNNNNNNNNNNNNNNNNNNNNNNNNNNNNNNNNNNNNNNNNNNNNNNNNNNNNNNNNNNGATTAAGAATGTGACTTTGCAGAAGCCAAAAACCTTTCTTAATGAAAAAAGGAGAGTGTTTCGAGCTCCTGATCTGAAAGGAATGCTACAAGTGTTTAAAGNNNNNNNNNNNNNNNNNNNNNNNNNNNNNNNNNNNNNNNNNNNNNNNNNNNNNNNNNNNNNNNNNNNNNNNNNNNNNNNNNNNNNNNNNNNNNNNNNNNNAGCTGAAAGAAGTCCAGTGCTACTGGGNNNNNNNNNNNNNNNNNNNNNNNNNNNNNNNNNNNNNNNNNNNNNNNNNNNNNNNNNNNNNNNNNNNNNNNNNNNNNNNNNNNNNNNNNNNNNNNNNNNNCTCATGTGACACTGGTTCCAAGTCACCCTTCATGTACTGTCATTTCTGAAGATGAGAGACAAGTGAGATATCAGGAACAGATACATCAACCATCTGTGAAAGTCAAGTATTTTTGTGGCGTCCTGGGCTCCCCAGGTTTCACATCAGGGAAACATTACTGGGAGGTAGACGTGTCCGATAAAAGTGCTTGGATCCTGGGGGTATGTGTTAGCTTGAAATGCACTGCAAATGTTCCAGGAATTGAAAATTATCAACCTAAAAATGGCTACTGGGTTATAGGGTTACAGAATGCAAATAACTATAGTGCTTTCCAGGATGCAGTTCCAGGAACTGAAAATTATCAACCTAAAAATGGCAACCGGAGGAATAAAGGGTTACGGAATGCAGATAACTATAGTGCTTTCCGGGATACATTTCAACCTATAAATGACTCCTGGGTTACAGGGTTACGGAATGTAGATAACTATAATGCTTTCCAGGATGCAGTTAAATATAGTGATTTCCAGGATGGTTCCTGCTCTACTCCTTCTGCTCCTTTGATGGTGCCCCTCTTTATGACTATTTGTCCTAAACGTGTTGGAGTTTTCCTAGACTGTAAGGCTTGCACTGTCTCATTCTTCAATGTCACAAGCAATGGATGTCTCATCTATAAGTTTTCTAAGTGTCATTTTTCTTATCCTGTATTTCCATATTTCAGTCCTATGATATGTAAATTACCCATGACTCTGTGCTCACCAAGCTCTTGA'],2248,0.21530249110320285,0.14991103202846975,0.18104982206405695,0.18505338078291814,0.0,0.3963523131672598,0.18505338078291814,0.2669039145907473
Papio anubis,AY843505.1,['ATGGCTTCTGGAATCCTGCTTAATGTAAAGGAGGAGGTGACCTGTCCCATCTGCCTGGAACTCCTGACAGAACCCCTGAGTCTGCCCTGTGGCCACAGCTTCTGCCAAGCGTGCATCACTGCAAACCACAGGAAGTCCATGCTATACAAAGAAGGAGAGAGAAGCTGCCCTGTGTGCCGGATCAGTTACCAGCCTGAGAACATACAGCCTAATCGGCATGTAGCCAACATAGTGGAGAAGCTCAGGGAGGTCAAGTTGAGCCCAGAAGAGGGGCTGAAGGTTGATCACTGTGCACGCCATGGAGAGAAACTCCTACTCTTCTGTCAGGAGGACAGCAAGGTCATTTGCTGGCTTTGTGAGCGGTCTCAGGAGCACCGTGGTCACCACACTTTCCTCATGGAGGAGGTTGCCCAGGAGTACCATNNNNNNNNNNNNNNNNNNNNNNNNNNNNNNNNNNNNNNNNNNNNNNNNNNNNNNNNNNNNNNNNNNNNNNNNNNNNNNNNNNNNNNNNNNNNNNNNNNNNGTGAAGCTCCAGACAGCTCTGGAGATGCTGAGGCAGAAGCAGCAGGAAGCTGAAAAGTTGGAAGCTGACATCAGAGAAGAGAAAGCTTCCTGGAAGNNNNNNNNNNNNNNNNNNNNNNNNNNNNNNNNNNNNNNNNNNNNNNNNNNNNNNNNNNNNNNNNNNNNNNNNNNNNNNNNNNNNNNNNNNNNNNNNNNNNATTCAAATAGACTACGACAAAACCAACGTCTCGGCAGATTTTGAGCAACTGAGAGAGATCCTGGACTGGGAGGAGAGCAATGAGCTGCAGAACCTGGAGAAGGAGGAAGAAGACATTCTGAAAAGCCTTACGAAGTCTGAAACGGAGATGGTGCAGCAGACCCAGTACATGAGAGAGCTCATCTCAGATCTGGAGCATCGGTTGCAGGGGTCAATGATGGAGCTACTGCAGNNNNNNNNNNNNNNNNNNNNNNNNNNNNNNNNNNNNNNNNNNNNNNNNNNNNNNNNNNNNNNNNNNNNNNNNNNNNNNNNNNNNNNNNNNNNNNNNNNNNGGTGTGGATGGCATCATTAAAAGNNNNNNNNNNNNNNNNNNNNNNNNNNNNNNNNNNNNNNNNNNNNNNNNNNNNNNNNNNNNNNNNNNNNNNNNNNNNNNNNNNNNNNNNNNNNNNNNNNNNGATTGAGAACATGACCTTGAAGAAGCCAAAAACTTTTCACAAAAATCAAAGGAGAGTGTTTCGAGCTCCTGATCTGAAAGGAATGCTAGACATGTTTAGAGNNNNNNNNNNNNNNNNNNNNNNNNNNNNNNNNNNNNNNNNNNNNNNNNNNNNNNNNNNNNNNNNNNNNNNNNNNNNNNNNNNNNNNNNNNNNNNNNNNNNAGCTAACAGATGTCCGACGCTACTGGGNNNNNNNNNNNNNNNNNNNNNNNNNNNNNNNNNNNNNNNNNNNNNNNNNNNNNNNNNNNNNNNNNNNNNNNNNNNNNNNNNNNNNNNNNNNNNNNNNNNNTTGATGTGACACTGGCTCCAAACAACATTTCGCATGCTGTCATTGCTGAAGATAAGAGACAAGTGAGCTCTCGGAACCCACAGATAACGTATCAGGCACCAGGGACATTATTTTCGTTTCCGTCACTCACGAATTTCAATTATTGTACTGGCGTCCTGGGCTCCCAAAGTATCACATCAGGGAAGCATTACTGGGAGGTAGATGTGTCCAAGAAAAGTGCTTGGATCCTGGGGGTATGTGCTGGCTTCCAACCTGATGCAATGTATAATATTGAACAAAATGAAAATTATCAACCTAAATATGGCTACTGGGTTATAGGGTTACAGGAAGGAGTTAAATATAGTGTTTTCCAGGATGGTTCCTCACATACTCCTTTTGCTCCTTTCATTGTGCCCCTCTCTGTGATTATTTGTCCTGATCGTGTTGGAGTTTTCGTAGACTATGAGGCTTGCACTGTCTCATTCTTCAATATCACAAACCATGGATTTCTCATCTATAAGTTTTCTCAGTGTTCTTTTTCTAAGCCTGTATTTCCATATTTAAATCCCAGAAAATGTACAGTCCCCATGACTCTGTGCTCACCAAGCTCTTGA'],2098,0.2020972354623451,0.15395614871306007,0.18064823641563393,0.1754051477597712,0.0,0.382745471877979,0.1754051477597712,0.2859866539561487
Symphalangus syndactylus,AY843509.1,['ATGGCTTCTGGAATCCTGGTTAATGTAAAGGAGAAGGTGACCTGCCCCATCTGCCTGGAACTCCTGACACAACCCCTGAGTCTGGACTGCGGCCACAGCTTCTGCCAAGCATGCCTCACTGCAAACCACAAAACGTCCATGCCAGACGAAGGAGAGAGAAGCTGCCCTGTGTGCCGGATCAGTTACCAGCATAAGAACATACGGCCTAATCGGCATGTAGCCAACATAGTGGAGAAGCTCAGGGAGGTCAAGTTGAGCCCAGAGGAGGGGCAGAAGGTTGATCACTGTGCACGCCACGGAAAGAAACTTCTACTCTTCTGTCAGGAGGACAGGAAGGTCATTTGCTGGCTTTGTGAGCGGTCTCAGGAGCACCGTGGTCACCACACATTCCTCACGGAGGAGGTTGCCCAGGAGTACCAANNNNNNNNNNNNNNNNNNNNNNNNNNNNNNNNNNNNNNNNNNNNNNNNNNNNNNNNNNNNNNNNNNNNNNNNNNNNNNNNNNNNNNNNNNNNNNNNNNNNATGAAGCTCCAGGCAGCTCTGCAGATGCTGAGGCAGAAGCAGCAGGAAGCTGAAGAGTTGGAAGCTGACATCAGAGAAGAGAAAGCTTCCTGGAAGNNNNNNNNNNNNNNNNNNNNNNNNNNNNNNNNNNNNNNNNNNNNNNNNNNNNNNNNNNNNNNNNNNNNNNNNNNNNNNNNNNNNNNNNNNNNNNNNNNNNACTCAAATACAGTATGACAAAACCAACATCTTGGCAGATTTTGAGCAACTGAGACACATCCTGGACTGGGTGGAGAGCAATGAGCTGCAAAACCTGGAGAAGGAGGAGAAAGACGTTCTGAAAAGGCTTATGAGGTCTGAAATTGAGATGGTGCAGCAGACCCAGTCCGTGAGAGAGCTCATCTCAGATCTGGAGCATCGGCTGCAGGGGTCAGTGATGGAGCTGCTTCAGNNNNNNNNNNNNNNNNNNNNNNNNNNNNNNNNNNNNNNNNNNNNNNNNNNNNNNNNNNNNNNNNNNNNNNNNNNNNNNNNNNNNNNNNNNNNNNNNNNNNGGTGTGGATGGCGTCATAAAAAGNNNNNNNNNNNNNNNNNNNNNNNNNNNNNNNNNNNNNNNNNNNNNNNNNNNNNNNNNNNNNNNNNNNNNNNNNNNNNNNNNNNNNNNNNNNNNNNNNNNNGATGAAGAACGTGACCTTGAAGAAGCCAGAAACTTTTCCAAAAAATCGAAGGAGAGTGTTTCGAGCTGCTGATCTGAAAGTAATGCTAGAAGTGTTGAGAGNNNNNNNNNNNNNNNNNNNNNNNNNNNNNNNNNNNNNNNNNNNNNNNNNNNNNNNNNNNNNNNNNNNNNNNNNNNNNNNNNNNNNNNNNNNNNNNNNNNNAGCTGAGAGATGTCCGACGCTACTGGGNNNNNNNNNNNNNNNNNNNNNNNNNNNNNNNNNNNNNNNNNNNNNNNNNNNNNNNNNNNNNNNNNNNNNNNNNNNNNNNNNNNNNNNNNNNNNNNNNNNNTTGATGTGACAGTGGCTCCAAACAACATTTCATATGCTGTCATTTCTGAAGATATGAGACAAGTGAGCTCTCCGGAACCACAGATAATATTTGAGGCACAAGGGACAATATCTCAGACATTTGTGAATTTCAATTATTGTACTGGCATCCTGGGCTCTCAAAGTATCACATCAGGGAAACATTACTGGGAGGTAGACGTGTCCAAGAAAAGTGCTTGGATCCTGGGGGTATGTGCTGGCTTGCAACCTGATGCAATGTATAATATTGAACAAAATGAAAATTATCAACCTAAATATGGCTACTGGGTTATAGGGTTAGAGGAAGGAGTTAAATGTAATGCTTTCCAGGATGGTTCCATCCATACTCCTTCTGCTCCTTTCGTTGTGCCCCTCTCTGTGAATATTTGTCCTGATCGTGTTGGAGTTTTCCTAGACTATGAGGCTTGCACTGTCTCATTCTTCAATATCACAGACCATGGATTTCTCATCTATAAGTTTTCTCACTGTTCTTTTTCTCAGCCTGTATTTCCATATTTAAATCCTAGAAAATGTACAGTCCCCATGACTCTGTGCTCACCAAGCTCTTGA'],2089,0.20201053135471517,0.15126854954523697,0.18429870751555769,0.1732886548587841,0.0,0.38630923887027285,0.1732886548587841,0.2872187649593107
Saguinus labiatus,AY843518.1,['ATGGCTTCCAGAATCCTGGTGAATATAAAGGAGGAGGTGACCTGCCCCATCTGCCTGGAACTCCTGACAGAACCTCTGAGCCTAGACTGTGGCCACAGCTTCTGCCAAGCATGCATCACTGCAAACCACAAAGAGTCTACGCCACACCAAGGAGAGAGAAGCTGCCCCTTGTGCCGGATGAGTTACCCGTCTGAGAACTTGCGGCCTAATCGGCATTTGGCCAACATAGTGGAGAGGCTCAAAGAGGTCATGCTGAGCCCAGAGGAGGGGCAGAAGGTTGGTCACTGTGCACGCCATGGAGAGAAACTTCTACTCTTCTGTGAGCAGGATGGAAATGTCATTTGCTGGCTTTGTGAGCGGTCTCAAGAACATCGTGGTCACCACACATTACTCGTGGAGGAGGTTGCAGAGAAATACCAANNNNNNNNNNNNNNNNNNNNNNNNNNNNNNNNNNNNNNNNNNNNNNNNNNNNNNNNNNNNNNNNNNNNNNNNNNNNNNNNNNNNNNNNNNNNNNNNNNNNGAAAAGCTCCAGGTAGCTCTGGAGATGATGAGGCAGAAGCAGCAGGATGCTGAAAAGTTGGAAGCTGACGTCAGAGAAGAGCAAGCTTCTTGGAAGNNNNNNNNNNNNNNNNNNNNNNNNNNNNNNNNNNNNNNNNNNNNNNNNNNNNNNNNNNNNNNNNNNNNNNNNNNNNNNNNNNNNNNNNNNNNNNNNNNNNATTCAAATACGAAATGACAAAACCAACATCATGGCAGAGTTTAAGCAACTGAGAGACATCCTGGACTGTGAGGAGAGCAAAGAGCTGCAAAACCTGGAGAAGGAGGAGAAAAACATTCTGAAAAGACTTGTACAGTCTGAAAGTGACATGGTGCTGCAGACCCAGTCCATGAGAGTGCTCATCTCAGATCTGGAGCGTCGCCTGCAGGGGTCAGTGCTGGAGCTGTTACAGNNNNNNNNNNNNNNNNNNNNNNNNNNNNNNNNNNNNNNNNNNNNNNNNNNNNNNNNNNNNNNNNNNNNNNNNNNNNNNNNNNNNNNNNNNNNNNNNNNNNGGTGTGGATGATGTCATAAAAAGNNNNNNNNNNNNNNNNNNNNNNNNNNNNNNNNNNNNNNNNNNNNNNNNNNNNNNNNNNNNNNNNNNNNNNNNNNNNNNNNNNNNNNNNNNNNNNNNNNNNGATTGAGACAGTGACTTTGCAGAAGCCAAAAACCTTTCTTAATGAAAAAAGGAGAGTATTTCGAGCTCCTGATCTGAAAGCAATGCTACAAGCATTTAAAGNNNNNNNNNNNNNNNNNNNNNNNNNNNNNNNNNNNNNNNNNNNNNNNNNNNNNNNNNNNNNNNNNNNNNNNNNNNNNNNNNNNNNNNNNNNNNNNNNNNNAGCTGACAGAAGTCCAACGCTACTGGGNNNNNNNNNNNNNNNNNNNNNNNNNNNNNNNNNNNNNNNNNNNNNNNNNNNNNNNNNNNNNNNNNNNNNNNNNNNNNNNNNNNNNNNNNNNNNNNNNNNNCTCATGTGACACTGGTTCCAAGTCACCCTTCATATGCTGTTATTTCTGAAGATGAGAGACAAGTGAGATATCAGTTTCAGATACATCAACCATCTGTGAAAGTCAACTATTTTTATGGCGTCCTGGGCTCCCCAAGTATCACATCAGGGAAACATTACTGGGAGGTAGACGTGACCAATAAAAGGGATTGGATCCTGGGGATATGTGTTAGCTTTAAATGCAATGCAAAATGGAATGTTCTAAGACCTGAAAATTATCAACCTAAAAATGGCTACTGGGTTATAGGGTTACAGAATACAAATAACTATAGTGCTTTCCAGGATGCAGTTAAATATAGTGATTTCCAGATTGGTTCCCGCTCTACTGCTTCTGTTCCTTTGATCGTGCCCCTCTTTATGACTATTTATCCTAATCGTGTTGGAGTTTTCCTAGACTATGAGGCTTGCACTGTCTCATTCTTCAATGTCACAAACAATGGATTTCTCATCTATAAGTTTTCTAACTGTCATTTTTCTTATCCTGTATTTCCATATTTCAGTCCTATGACATGTGAATTACCCATGACTCTGTGTTCACCAAGCTCTTGA'],2089,0.2087123025370991,0.147917663954045,0.17280995691718526,0.1814265198659646,0.0,0.38152225945428436,0.1814265198659646,0.2872187649593107
Pygathrix nemaeus,AY843508.1,['ATGGCTTCTGGAATCCTGGTTAATATAAAGGAGGAGGTGACCTGCCCCATCTGCCTGGAACTCCTGACAGAACCCCTGAGTCTGCACTGCGGCCACAGCTTCTGCCAAGCGTGCATCACTGCAAACCACAAGAAGTCCATGCTATACAAAGAAGGAGAGAGAAGCTGCCCTGTGTGCCGGATCAGTTACCAGCCTGAGAACATACGGCCTAATCGGCATGTGGCCAACATAGTGGAGAAGCTCAGGGAGGTCAAGTTGAGCCCAGAAGAGGGGCAGAAAGTTGATCACTGTGCACGCCATGGAGAGAAACTCCTACTCTTCTGTCAGGAGGACAGGAAGGTCATTTGCTGGCTTTGTGAGCGGTCTCAGGAGCACCGTGGTCACCACACGTTCCTCATGGAGGAAGTTGCCCAGGAGTACCACNNNNNNNNNNNNNNNNNNNNNNNNNNNNNNNNNNNNNNNNNNNNNNNNNNNNNNNNNNNNNNNNNNNNNNNNNNNNNNNNNNNNNNNNNNNNNNNNNNNNGTGAAGCTCCAGACAGCTCTGGAGATGCTGAGGCAGAAGCAGCAGGAAGCTGAAAAGTTGGAAGCTGACATCAGAGAAGAGAAAGCTTCCTGGAAGNNNNNNNNNNNNNNNNNNNNNNNNNNNNNNNNNNNNNNNNNNNNNNNNNNNNNNNNNNNNNNNNNNNNNNNNNNNNNNNNNNNNNNNNNNNNNNNNNNNNATTCAAATAGACTGCGACAAAACCAATGTCTTGGCAGATTTTGAGCAACTGAGAGAGATCCTGGACTGGGAGGAGAGCAATGAGCTGCAGAACCTGGAGAAGGAGGAGGAAGACATTCTGAAAAGCCTTACGAAGTCTGAAACTGAGATGGTGCAGCAGACCCAGTACATGAGAGAGCTCATCTCAGATCTGGAGCATCGGTTGCAGGGGTCAATGATGGAGCTGCTGCAGNNNNNNNNNNNNNNNNNNNNNNNNNNNNNNNNNNNNNNNNNNNNNNNNNNNNNNNNNNNNNNNNNNNNNNNNNNNNNNNNNNNNNNNNNNNNNNNNNNNNGGTGTGGATGGCATCATAAAAAGNNNNNNNNNNNNNNNNNNNNNNNNNNNNNNNNNNNNNNNNNNNNNNNNNNNNNNNNNNNNNNNNNNNNNNNNNNNNNNNNNNNNNNNNNNNNNNNNNNNNGATTGAGAACATGACCTTGAAGAAGCCAAAAACTTTTCCCAAAAATCAAAGGAGAGTGTTTCGAGCTCCTGATCTGAAAGGAATCCTAGACATGTTTAGAGNNNNNNNNNNNNNNNNNNNNNNNNNNNNNNNNNNNNNNNNNNNNNNNNNNNNNNNNNNNNNNNNNNNNNNNNNNNNNNNNNNNNNNNNNNNNNNNNNNNNAACTAACAGATGTCCGACGCTACTGGGNNNNNNNNNNNNNNNNNNNNNNNNNNNNNNNNNNNNNNNNNNNNNNNNNNNNNNNNNNNNNNNNNNNNNNNNNNNNNNNNNNNNNNNNNNNNNNNNNNNNTTGATGTGACACTGGCTCCAAACAACATTTCACATGCTGTCATTGCTGAAGATAAGAGACAAGTGAGCTCTCCGAACCCACAGATAATGTGTCGGGCACGAGGGACATTATTTCAGTCACTCAAGAATTTCATTTATTGTACTGGCGTCCTGGGCTCCCAAAGTATCACATCAGGGAAACATTACTGGGAGGTAGATGTGTCCAAGAAAAGTGCTTGGATCCTGGGGGTATGTGCTGGCTTCCAACCCGATGCAATGTATAATATTGAACAAAATGAAAATTATCAACCTAAATATGGCTACTGGGTTATAGGGTTACAGGAAGGAGTTAAATATAATGTTTTCCAGGATGGTTCCTCACATACTCCTTTTGCTCCTTTCATTGTGCCCCTCTCTGTGATTATTTGTCCTGATCGTGTTGGAGTTTTCGTAGACTATGAGGCTTGCACTGTCTCATTCTTCAATATCACAAACCATGGATTTCTCATCTATAAGTTTTCTCAGTGTTCTTTTTCTAAGCCTGTATTTCCATATTTAAATCCTAGAAAATGTACAGTCCCCATGACTCTGTGCTCACCAAGCTCTTGA'],2092,0.2045889101338432,0.15248565965583175,0.1806883365200765,0.17351816443594648,0.0,0.3852772466539197,0.17351816443594648,0.28680688336520077
Pithecia pithecia,AY843515.1,['ATGGCTTCCAGAATCCTGATGAACATAAAGGAGGAGGTGACCTGCCCCATCTGCCTGGAACTCCTGACAGAACCCCTGAGCCTAGACTGTGGCCACAGCTTCTGCCAAGCATGCATCACTGCAAACCACAAAAAGTCTATGCTACACCAAGGAGAGAGAAGCTGCCCTTTGTGCCGGATCAGTTACCCATCTGAGAACCTGCGGCCTAATCGGCATTTGGCCAACATAGTGGAGAGGCTCAGGGAGGTCATGCTGAGCCCAGAGGAGGGGCAGAAGGTTGATCACTGTGCACGCCATGGAGAGAAACTTCTACTCTTCTGTCAGCAGGATGGAAATGTCATTTGCTGGCTTTGTGAGCGGTCTCAAGAACACCGTGGTCACCACACATTACTCGTGGAGGAGGTTGCACAGACATACCGANNNNNNNNNNNNNNNNNNNNNNNNNNNNNNNNNNNNNNNNNNNNNNNNNNNNNNNNNNNNNNNNNNNNNNNNNNNNNNNNNNNNNNNNNNNNNNNNNNNNGAAAATCTCCAGGTAGCTCTGGAGACGATGAGGCAGAAGCAGCAGGATGCTGAAAAGTTAGAAGCTGACGTCAGAGAAGAGCAAGCTTCCTGGAAGNNNNNNNNNNNNNNNNNNNNNNNNNNNNNNNNNNNNNNNNNNNNNNNNNNNNNNNNNNNNNNNNNNNNNNNNNNNNNNNNNNNNNNNNNNNNNNNNNNNNATTCAAATACGAGATGACAAAACCAACATTATGGCAGAGTTTAAGCAACTGAGAGACATCCTGGACTGTGAGGAGAGCAATGAGCTGCAAATCCTAGAGAAGGAGGAGAAAAACATTCTGAAAAGACTTACACAGTCTGAAAATGACATGGTGCTGCAGACCCAGTCCATGGGAGTGCTCATCTCAGATCTGGAGCATCGCCTGCAGGGGTCAGTGATGGAGCTGTTACAGNNNNNNNNNNNNNNNNNNNNNNNNNNNNNNNNNNNNNNNNNNNNNNNNNNNNNNNNNNNNNNNNNNNNNNNNNNNNNNNNNNNNNNNNNNNNNNNNNNNNGGTGTGGATGAAGTCATAAAAAGNNNNNNNNNNNNNNNNNNNNNNNNNNNNNNNNNNNNNNNNNNNNNNNNNNNNNNNNNNNNNNNNNNNNNNNNNNNNNNNNNNNNNNNNNNNNNNNNNNNNGGTTAAGAACGTGACTTTGCAGAAGCCGAAAACTTTTCTTAATGAAAAAAGGAGAGTATTTCGAGCTCCTGATCTGAAAGGAATGCTACAAGTGTTCAAAGNNNNNNNNNNNNNNNNNNNNNNNNNNNNNNNNNNNNNNNNNNNNNNNNNNNNNNNNNNNNNNNNNNNNNNNNNNNNNNNNNNNNNNNNNNNNNNNNNNNNAGCTGACAGAAGTCCAACGCTACTGGGNNNNNNNNNNNNNNNNNNNNNNNNNNNNNNNNNNNNNNNNNNNNNNNNNNNNNNNNNNNNNNNNNNNNNNNNNNNNNNNNNNNNNNNNNNNNNNNNNNNNTTCATGTGACACTGGTTCCAAGTCACCTTTCATGTGCTGTCATTTCTGAAGATGAGAGACAAGTGAGATATCAGGAACGGATACATCAATCATTTGGGAAAGTCAAGTATTTTTATGGCGTCCTGGGCTCCCCAAGTATCAGATCAGGGAAACATTACTGGGAGGTAGACGTGTCCAATAAAAGTGCTTGGATCCTGGGAGTATGTGTTAGCTTGAAATGCACTGCAAATCGGAATGGTCCAAGAATTGAAAATTATCAACCTAAAAATGGCTACTGGGTTATAGGGTTATGGAATGCAGGTAACTATAGTGCTTTCCAGGATTCAGTTAAATATAGTGATTTCCAGGATGGTTCCCACTCTGCTACTTATGGTCCTTTGATCGTGCCCCTCTTTATGACTATTTGTCCTAATCGTGTTGGAGTTTTCCTAGACTATGAGGCTTGCACTGTCTCATTCTTCAATGTCACAAGCAATGGATTTCTCATCTATAAGTTTTCTAACTGTCGTTTTTCTGATTCTGTATTTCCATATTTCAGTCCTATGACATGTGAATTACCCATGACTCTGTGCTCACCAAGATCTTGA'],2089,0.20584011488750598,0.1469602680708473,0.17759693633317378,0.18046912398276688,0.0,0.3834370512206797,0.18046912398276688,0.2872187649593107
Callithrix pygmaea,AY843512.1,['ATGGCTTCCAGAATCCTGGTGAATATAAAGGAGGAGGTAACCTGCCCCATCTGCCTGGAACTCCTGACAGAACCTCTGAGCCTAGACTGTGGCCACAGCTTCTGCCAAGCCTGCATCACTGCAAACCACAAAGAGTCTACGCTACACCAAGGAGAGAGAAGCTGCCCTTTGTGCCGGATGAGTTACCCGTCTGAGAACTTGCGGCCTAATCGGCATTTGGCCAATATAGTGGAGAGGCTCAAAGAGGTCATGCTGAGCCCAGAGGAGGGGCAGAAGGTTGATCACTGTGCACGCCATGGAGAGAAACTTCTACTCTTCTGTCAGCAGGATGGAAATGTCATTTGCTGGCTTTGTGAGCGGTCTCAAGAACACCGTGGTCACCACACATTCCTCGTGGAGGAGGTTGCAGAGAAATACCAANNNNNNNNNNNNNNNNNNNNNNNNNNNNNNNNNNNNNNNNNNNNNNNNNNNNNNNNNNNNNNNNNNNNNNNNNNNNNNNNNNNNNNNNNNNNNNNNNNNNGGAAAGCTCCAGGTAGCTCTGGAGATGATGAGGCAGAAGCAGCAGGATGCTGAAAAGTTAGAAGCTGATGTCAGAGAAGAGCAAGCTTCCTGGAAGNNNNNNNNNNNNNNNNNNNNNNNNNNNNNNNNNNNNNNNNNNNNNNNNNNNNNNNNNNNNNNNNNNNNNNNNNNNNNNNNNNNNNNNNNNNNNNNNNNNNATTCAAATACAAAATGACAAAACCAACATCATGGCAGAGTTTAAGCAACTGAGAGACATCCTGGACTGTGAGGAGAGCAAAGAGCTGCAAAACCTGGAGAAGGAGGAGAAAAACATTCTGAAAAGACTTGTACAGTCGGAAAGTGACATGGTGCTGCAGACCCAGTCCATTAGAGTGCTCATCTCAGATCTGGAGCGTCGCCTGCAGGGGTCAGTGATGGAGCTTTTACAGNNNNNNNNNNNNNNNNNNNNNNNNNNNNNNNNNNNNNNNNNNNNNNNNNNNNNNNNNNNNNNNNNNNNNNNNNNNNNNNNNNNNNNNNNNNNNNNNNNNNGGTGTGGATGACGTCATAAAAAGNNNNNNNNNNNNNNNNNNNNNNNNNNNNNNNNNNNNNNNNNNNNNNNNNNNNNNNNNNNNNNNNNNNNNNNNNNNNNNNNNNNNNNNNNNNNNNNNNNNNGATTGAGAAAGTTACTTTGCAGAAGCCAAAAACGTTTCTTAATGAAAAAAGGAGAGTATTTCGAGCTCCTGATCTGAAAGGAATGCTACAAGCATTTAAAGNNNNNNNNNNNNNNNNNNNNNNNNNNNNNNNNNNNNNNNNNNNNNNNNNNNNNNNNNNNNNNNNNNNNNNNNNNNNNNNNNNNNNNNNNNNNNNNNNNNNAGCTGACAGAAGTCCAACGCTACTGGGNNNNNNNNNNNNNNNNNNNNNNNNNNNNNNNNNNNNNNNNNNNNNNNNNNNNNNNNNNNNNNNNNNNNNNNNNNNNNNNNNNNNNNNNNNNNNNNNNNNNCTCATGTGACACTGGTTCCAAGTCACCCTTCATGTACTGTCATTTCTGAAGATGAGAGACAAGTGAGATATCAGGTTCCGATACATCAACCACTTGTGAAAGTCAAGTATTTTTATGGCGTCCTGGGCTCCCTAAGTATCACATCAGGGAAACATTACTGGGAAGTAGACGTGTCCAATAAAAGGGGTTGGATCCTGGGGGTATGTGGTAGCTGGAAATGCAATGCAAAATGGAATGTTCTAAGACCTGAAAATTATCAACCTAAAAATGGCTACTGGGTTATAGGGTTACGGAATACAGATAACTATAGTGCTTTCCAGGATGCAGTTAAATATAGTGATGTCCAGGATGGTTCTCGCTCTGTTTCTTCTGGTCCTTTGATCGTGCCCCTCTTTATGACTATTTGTCCTAATCGTGTTGGAGTTTTCCTAGACTATGAGGCTTGCACTATCTCATTCTTCAATGTCACAAGCAATGGATTTCTCATCTATAAGTTTTCTAACTGTCATTTTTCTTATCCTGTATTTCCATATTTCAGTCCTACGACATGTGAATTACCCATGACTCTGTGCTCACCAAGCTCTTGA'],2089,0.20679751077070369,0.1469602680708473,0.17663954044997607,0.18046912398276688,0.0,0.3834370512206797,0.18046912398276688,0.2872187649593107
Pan troglodytes,AY843506.1,['ATGGCTTCTGGAATCCTGGTTAATGTAAAGGAGGAGGTGACCTGCCCCATCTGCCTGGAACTCCTGACACAACCCCTGAGCCTGGACTGCGGCCACAGCTTCTGCCAAGCATGCCTCACTGCAAACCACAAGAAGTCCATGCTAGACAAAGGAGAGAGTAGCTGCCCTGTGTGCCGGATCAGTTACCAGCCTGAGAACATACGGCCTAATCGGCATGTAGCCAACATAGTGGAGAAGCTCAGGGAGGTCAAGTTGAGCCCAGAGGGGCAGAAAGTTGATCATTGTGCACACCATGGAGAGAAACTTCTACTCTTCTGTCAGGAGGACGGGAAGGTCATTTGCTGGCTTTGTGAGCGGTCTCAGGAGCACCGTGGTCACCACACGTTCCTCACAGAGGAGGTTGCCCGGGAGTACCAANNNNNNNNNNNNNNNNNNNNNNNNNNNNNNNNNNNNNNNNNNNNNNNNNNNNNNNNNNNNNNNNNNNNNNNNNNNNNNNNNNNNNNNNNNNNNNNNNNNNGTGAAGCTCCAGGCAGCTCTGGAGATGCTGAGGCAGAAGCAGCAGGAAGCTGAAGAGTTGGAAGCTGACATCAGAGAAGAGAAAGCTTCCTGGAAGNNNNNNNNNNNNNNNNNNNNNNNNNNNNNNNNNNNNNNNNNNNNNNNNNNNNNNNNNNNNNNNNNNNNNNNNNNNNNNNNNNNNNNNNNNNNNNNNNNNNACTCAAATACAGTATGACAAAACCAACGTCTTGGCAGATTTTGAGCAACTGAGAGACATCCTGGACTGGGAGGAGAGCAATGAGCTGCAAAACCTGGAGAAGGAGGAGGAAGACATTCTGAAAAGCCTTACGAAGTCTGAAACTGAGATGGTGCAGCAGACCCAGTCCGTGAGAGAGCTCATCTCAGATCTGGAGCGTCGGCTGCAGGGGTCAGTGATGGAGCTGCTTCAGNNNNNNNNNNNNNNNNNNNNNNNNNNNNNNNNNNNNNNNNNNNNNNNNNNNNNNNNNNNNNNNNNNNNNNNNNNNNNNNNNNNNNNNNNNNNNNNNNNNNGGTGTGGATGGCGTCATAAAAAGNNNNNNNNNNNNNNNNNNNNNNNNNNNNNNNNNNNNNNNNNNNNNNNNNNNNNNNNNNNNNNNNNNNNNNNNNNNNNNNNNNNNNNNNNNNNNNNNNNNNGATGGAGAACGTGACCTTGAAGAAGCCAGAAACTTTTCCAAAAAATCAAAGGAGAGTGTTTCGAGCTCCTGATCTGAAAGGAATGCTAGAAGTGTTTAGAGNNNNNNNNNNNNNNNNNNNNNNNNNNNNNNNNNNNNNNNNNNNNNNNNNNNNNNNNNNNNNNNNNNNNNNNNNNNNNNNNNNNNNNNNNNNNNNNNNNNNAGCTGACAGATGTCCGACGCTACTGGGNNNNNNNNNNNNNNNNNNNNNNNNNNNNNNNNNNNNNNNNNNNNNNNNNNNNNNNNNNNNNNNNNNNNNNNNNNNNNNNNNNNNNNNNNNNNNNNNNNNNTTGATGTGACAGTGGCTCCAAACAACATTTCATGTGCTGTCATTTCTGAAGATATGAGACAAGTGAGCTCTCCGAAACCACAGATAATATATGGGGCACGAGGGACAAGATATCAGACATTTATGAATTTCAATTATTGTACTGGCATCCTGGGCTCTCAAAGTATCACATCAGGGAAACATTACTGGGAGGTAGACGTGTCCAAGAAAAGTGCTTGGATCCTGGGGGTATGTGCTGGCTTCCAACCTGATGCAATGTGTAATATTGAAAAAAATGAAAATTATCAACCTAAATATGGCTACTGGGTTATAGGGTTAGAGGAAGGAGTTAAATGTAGTGCTTTCCAGGATGGTTCCTTCCATACTCCTTCTGCTCCTTTCATTGTGCCCCTCTCTGTGATTATTTGTCCTGATCGTGTTGGAGTTTTCCTAGACTATGAGGCTTGCACTGTCTCATTCTTCAATATCACAAACCATGGATCTCTCATCTATAAGTTTTCTCACTGTTCTTTTTCTCAGCCTGTATTTCCATATTTAAATCCTAGAAAATGTGGAGTCCCCATGACTCTGTGCTCACCAAGCTCTTGA'],2086,0.19894534995206137,0.15148609779482264,0.186960690316395,0.17305848513902206,0.0,0.3859060402684564,0.17305848513902206,0.28763183125599234
Pongo pygmaeus,AY843513.1,['ATGGCTTCTGGAATCCTGGTTAATGTAAAGGAGGAGGTGACCTGCCCTATCTGCCTGGAACTCCTGACACAACCCCTGAGTCTGGACTGCGGCCACAGCTTCTGCCAAGCATGCCTCACTGCAAACCACAAGAAGTCCACGCTAGACAAAGGAGAGAGAAGCTGCCCTGTGTGCCGGGTCAGTTACCAGCCTAAGAACATACGGCCTAATCGGCATGTAGCCAACATAGTGGAGAAGCTCAGGGAGGTCAAATTGAGCCCAGAGGGGCAGAAGGTTGATCACTGTGCACGCCATGGAGAGAAACTTCTACTCTTCTGTAAGGAGGACGGGAAGGTCATTTGCTGGCTTTGTGAGCGGTCTCAGGAGCACCGTGGTCACCACACATTCCTCACGGAGGAGGTTGCCCAGAAGTACCAANNNNNNNNNNNNNNNNNNNNNNNNNNNNNNNNNNNNNNNNNNNNNNNNNNNNNNNNNNNNNNNNNNNNNNNNNNNNNNNNNNNNNNNNNNNNNNNNNNNNGTGAAGCTCCAGGCAGCTCTGGAGATGCTGAGGCAGAAGCAGCAGGAAGCTGAAGAGTTGGAAGCTGACATCAGAGAAGAGAAAGCTTCCTGGAAGNNNNNNNNNNNNNNNNNNNNNNNNNNNNNNNNNNNNNNNNNNNNNNNNNNNNNNNNNNNNNNNNNNNNNNNNNNNNNNNNNNNNNNNNNNNNNNNNNNNNACTCAAATACAGTATGACAAAACCAGCGTCTTGGCAGATTTTGAGCAACTGAGAGACATCCTGGACTGGGAGGAGAGCAATGAGCTGCAAAACCTGGAGAAGGAGGAGGAAGACATTCTAAAAAGCCTTACGAAGTCTGAAACTGAGATGGTGCAGCAGACCCAGTCCGTGAGAGAGCTCATCTCAGATGTGGAGCATCGGCTGCAGGGGTCAGTGATGGAGCTGCTTCAGNNNNNNNNNNNNNNNNNNNNNNNNNNNNNNNNNNNNNNNNNNNNNNNNNNNNNNNNNNNNNNNNNNNNNNNNNNNNNNNNNNNNNNNNNNNNNNNNNNNNGGTGTGGATGGCATCATAAAAAGNNNNNNNNNNNNNNNNNNNNNNNNNNNNNNNNNNNNNNNNNNNNNNNNNNNNNNNNNNNNNNNNNNNNNNNNNNNNNNNNNNNNNNNNNNNNNNNNNNNNGATGCAGAACGTGACCTTGAAGAAGCCAGAAACTTTTCCAAAAAATCAAAGGAGAGTGTTTCGAGCTCCTAATCTGAAAGGAATGCTAGAAGTGTTTAGAGNNNNNNNNNNNNNNNNNNNNNNNNNNNNNNNNNNNNNNNNNNNNNNNNNNNNNNNNNNNNNNNNNNNNNNNNNNNNNNNNNNNNNNNNNNNNNNNNNNNNAGCTGACAGATGTCCGACGCTACTGGGNNNNNNNNNNNNNNNNNNNNNNNNNNNNNNNNNNNNNNNNNNNNNNNNNNNNNNNNNNNNNNNNNNNNNNNNNNNNNNNNNNNNNNNNNNNNNNNNNNNNTTGATGTGACAGTGGCTCCAAACGACATTTCATATGCTGTCATTTCTGAAGATATGAGACAAGTGAGCTGTCCGGAACCACAGATAATATATGGGGCACAAGGGACAACATATCAGACATATGTGAATTTCAATTATTGTACTGGCATCCTGGGCTCTCAAAGTATCACGTCAGGGAAACATTACTGGGAGGTAGACGTGTCCAAGAAAAGTGCTTGGATCCTGGGGGTATGTGCTGGCTTCCAACCTGATGCAATGTATAATATTGAACAAAATGAAAATTATCAACCTCAATATGGCTACTGGGTTATAGGGTTAGAGGAAGGAGTTAAATGTAGTGCTTTCCAGGATGGTTCCTTCCATAATCCTTCTGCTCCTTTCATTGTGCCCCTCTCTGTGATTATTTGTCCTGATCGTGTTGGAGTTTTCCTAGACTATGAGGCTTGCACTGTCTCATTCTTCAATATCACAAACCATGGATTTCTCATCTATAAGTTTTCTCACTGTTCTTTTTCTCAGCCTGTATTTCCATATTTAAATCCTAGAAAATGTAGAGTCCCCATGACTCTGTGCTCACCAAGCTCTTGA'],2086,0.20182166826462128,0.15100671140939598,0.1850431447746884,0.1725790987535954,0.0,0.3868648130393097,0.1725790987535954,0.28763183125599234
Callicebus donacophilus,AY843519.1,['ATGGCTTCCAGAATCCTGGTGAATATAAAGGAGGAGGTGACCTGCCCCATCTGCCTGGAACTCCTGACAGAACCCCTGAGCCTAGACTGTGGCCACAGCTTCTGCCAAGCATGCATCACCGCAAACCACAAAGAGTCTACGCTACACCAAGGAGAGAGAAGCTGCCCTTTGTGCAGGATCAGTTACCCGTCTGAGAACCTGCGGCCTAATCGGCATTTGGCCAACATAGTGGAGAGGCTCAGGGAGGTCGTGCTGAGCCCAGAGGAGGGGCAGAAGGTTGATCTCTGTGCACGCCATGGAGAGAAACTTCTACTCTTCTGTCAGCAGGATGGAAATGTCATTTGCTGGCTTTGTGAGCGGTCTCAAGAACACCGTGGTCACCACACATTCCTCGTGGAGGAGGTTGCACAGACATACCGANNNNNNNNNNNNNNNNNNNNNNNNNNNNNNNNNNNNNNNNNNNNNNNNNNNNNNNNNNNNNNNNNNNNNNNNNNNNNNNNNNNNNNNNNNNNNNNNNNNNGAAAATCTCCAGGTAGTTCTGGAGATGATGAGGCAGAAGCATCAGGATGCTGAAAAGTTGGAAGCTGACGTCAGAGAAGAGCAAGCTTCCTGGAAGNNNNNNNNNNNNNNNNNNNNNNNNNNNNNNNNNNNNNNNNNNNNNNNNNNNNNNNNNNNNNNNNNNNNNNNNNNNNNNNNNNNNNNNNNNNNNNNNNNNNATTCAAATACAAAATGACAAAACCAACATCATGGCAGAGTTTAAGCAACTGAGAGACATCCTGGACTGTGAGGAGAGCAATGAGCTGCAAAACCTAGAGAAGGAGGAGAAAAACATTCTGAAAAGACTTGTACAGTCTGAGAATGACATGGTGCTGCAGACCCAGTCCATAAGCGTGCTCATCTCGGATCTGGAGCATCGCCTGCAGGGGTCAGTGATGGAGCTGTTACAGNNNNNNNNNNNNNNNNNNNNNNNNNNNNNNNNNNNNNNNNNNNNNNNNNNNNNNNNNNNNNNNNNNNNNNNNNNNNNNNNNNNNNNNNNNNNNNNNNNNNGGTGTGGATGGCGTCATAAAAAGNNNNNNNNNNNNNNNNNNNNNNNNNNNNNNNNNNNNNNNNNNNNNNNNNNNNNNNNNNNNNNNNNNNNNNNNNNNNNNNNNNNNNNNNNNNNNNNNNNNNGGTTAAGAATGTGACTTTGCAGAAGCCAAAAACTTTTCTTAATGAAAAAAGGAGAGTATTTCGAGTTCCTGATCTGAAAGGAATGCTACAAGTGTCTAAAGNNNNNNNNNNNNNNNNNNNNNNNNNNNNNNNNNNNNNNNNNNNNNNNNNNNNNNNNNNNNNNNNNNNNNNNNNNNNNNNNNNNNNNNNNNNNNNNNNNNNAGTTGACAGAAGTCCAACGCTACTGGGNNNNNNNNNNNNNNNNNNNNNNNNNNNNNNNNNNNNNNNNNNNNNNNNNNNNNNNNNNNNNNNNNNNNNNNNNNNNNNNNNNNNNNNNNNNNNNNNNNNNCTCATGTGACACTGGTTGCAAGTCACCCTTCACGTGCTGTCATTTCTGAAGACGAAAGACAAGTGAGATATCAGGAATGGATACATCAATCATCTGGGAGAGTCAAGTATTTTTATGGCGTCCTGGGCTCCCCAAGTATCACATCAGGGAAACATTACTGGGAGGTAGACGTGTCCAATAAAAGTGCTTGGATCCTGGGGGTATGTGTTAGCTTGAAATGCGCTGCAAATCGGAATGGTCCAGGAGTTGAAAACTATCAACCTAAAAATGGCTACTGGGTGATAGGGTTACGGAATGCAGATAACTATAGTGCTTTCCAGGATTCAGTTAAATATAATGATTTCCAGGATGGTTCCCGCTCTACTACTTATGCTCCTTTGATCGTGCCCCTCTTTATGACTATTTGTCCTAATCGTGTTGGAGTTTTCCTAGACTATGAGGCTTGCACTGTCTCATTCTTCAATGTCACAAGCAATGGATTTCTCATCTATAAGTTTTCTAACTGTCATTTTTCTTATCCTGTATTTCCATATTTCAGTCCTATGACATGTGAATTACCCATGACTCTGTGCTCACCAAGGTCTTGA'],2089,0.20201053135471517,0.1498324557204404,0.17951172809956917,0.17951172809956917,0.0,0.38152225945428436,0.17951172809956917,0.2872187649593107
Lagothrix lagotricha,AY843520.1,['ATGGCTTCCGAAATCCTGGTGAATATAAAGGAGGAGGTGACCTGCCCCATCTGCCTGGACCTACTGACAGAACCTCTGAGCCTAGACTGTGGCCACAGCTTCTGCCAAGCATGCATCACTGCAGACCACAAAGAGTCTACGCTACACCAAGGAGAGAGAAGCTGCCCTTTGTGCCGGGTCGGTTACCAGTCTGAGAACCTGCGGCCTAATCGGCATTTGGCAAACATAGCCGAGAGGCTCAGGGAGGTCATGTTGAGCCCAGAGGAAGGGCAGAAGGTTGATCGCTGTGCACGCCATGGAGAGAAACTTCTACTCTTCTGTCAGCAGCATGGAAATGTCATTTGCTGGCTTTGTGAGCGGTCTCAAGAACACCGTGGTCACAGCACATTCCTCGTGGAGGAGGTTGCACAGAAATACCGANNNNNNNNNNNNNNNNNNNNNNNNNNNNNNNNNNNNNNNNNNNNNNNNNNNNNNNNNNNNNNNNNNNNNNNNNNNNNNNNNNNNNNNNNNNNNNNNNNNNGAAAAGCTCCAGGTAGCTCTGGAAATGATGAGGGAGAAGCAGCAGGATGCTGAAAAGTTGGAAGCTGATGTCAGAGAAGAGCAAGCTTCCTGGAAGNNNNNNNNNNNNNNNNNNNNNNNNNNNNNNNNNNNNNNNNNNNNNNNNNNNNNNNNNNNNNNNNNNNNNNNNNNNNNNNNNNNNNNNNNNNNNNNNNNNNATTCAAATAAAAAACGACAAAACCAACATCCTGGCAGAGTTTAAGCAACTGAGAGACATCCTGGACTGTGAGGAGAGCAATGAGCTGCAAAACCTGGAGAAGGAGGAGGAAAACCTTCTGAAAATACTTGCACAGTCTGAAAATGACATGGTGCTGCAGACCCAGTCCATGAGAGTGCTCATCGCAGATCTGGAGCATCGCCTGCAGGGGTCAGTGATGGAGCTGTTACAGNNNNNNNNNNNNNNNNNNNNNNNNNNNNNNNNNNNNNNNNNNNNNNNNNNNNNNNNNNNNNNNNNNNNNNNNNNNNNNNNNNNNNNNNNNNNNNNNNNNNGGTGTGGAAGGCATCATAAAAAGNNNNNNNNNNNNNNNNNNNNNNNNNNNNNNNNNNNNNNNNNNNNNNNNNNNNNNNNNNNNNNNNNNNNNNNNNNNNNNNNNNNNNNNNNNNNNNNNNNNNGACTACGAATGTGACTTTGCAGAAGCCAAAAACCTTTCTTAATGAAAAAAGGAGAGTGTTTCGAGCTCCTAATCTGAAAGGAATGCTACAAGTGTTTAAAGNNNNNNNNNNNNNNNNNNNNNNNNNNNNNNNNNNNNNNNNNNNNNNNNNNNNNNNNNNNNNNNNNNNNNNNNNNNNNNNNNNNNNNNNNNNNNNNNNNNNAGCTGAAAGAAGTCCAATGCTACTGGGNNNNNNNNNNNNNNNNNNNNNNNNNNNNNNNNNNNNNNNNNNNNNNNNNNNNNNNNNNNNNNNNNNNNNNNNNNNNNNNNNNNNNNNNNNNNNNNNNNNNCTCATGTGACACTGGTTCCAAGTCACCCTTCATGTGCTGTCATTTCTGAAGATCAGAGACAAGTGAGATATCAGAAACAGAGACATCGACCATCTGTGAAAGCCAAATATTTTTATGGCGTCCTGGGCTCCCCAAGTTTCACATCAGGGAAACATTACTGGGAGGTAGACGTGTCCAATAAAAGTGCTTGGATCCTGGGGGTATGTGTTAGCTTGAAATGCACTGCAAATGTTCCAGGAATTGAAAATTATCAACCTAAAAATGGCTACTGGGTTATAGGGTTACAGAATGCAGATAACTATAGTGCTTTCCAGGATGCAGTTCCAGGAACTGAAGATTATCAACCTAAAAATGGCTGCTGGAGGAATACAGGGTTACGGAATGCAGATAACTATAGTGCTTTCCAGGATGTATTTCAACCTAAAAATGACTACTGGGTTACAGGGTTATGGAACGCAGATAACTATAATGCTTTCCAGGATGCAGGTAAATATAGTGATTTCCAGGATGGTTCCTGCTCTACTCCTTTTGCTCCTTTGATTGTGCCCCTCTTTATGACTATTCGTCCTAAACGTGTTGGCGTTTTCCTAGACTATGAGGCTTGCACTGTCTCATTCTTCAATGTCACAAGCAATGGATGTCTCATCTATAAGTTTTCTAACTGTCATTTTTCTTGTCCTGTATTTCCATATTTCAGTCCTATGACATGTAAATTACCCATGACTCTGTGCTCACCAAGCTCTTGA'],2248,0.21352313167259787,0.15302491103202848,0.18149466192170818,0.18327402135231316,0.0,0.39501779359430605,0.18327402135231316,0.2669039145907473
Gorilla gorilla,AY843510.1,['ATGGCTTCTGGAATCCTGGTTAATGTAAAGGAGGAGGTGACCTGCCCCATCTGCCTGGAACTCCTGACACAACCCCTGAGCCTGGACTGCGGCCACAGCTTCTGCCAAGCATGCCTCACTGCAAACCACAAGAAGTCCATGCTAGACAAAGGAGAGAGTAGCTGCCCTGTGTGCCGGATCAGTTACCAGCCTGAGAACATACGGCCTAATCGGCATGTAGCCAACATAGTGGAGAAGCTTAGGGAGGTCAAGTTGAGCCCAGAGGGGCAGAAAGTTGATCATTGTGCACGCCATGGAGAGAAACTTCTACTCTTCTGTCAGGAGGACGGGAAGGTCATTTGCTGGCTTTGCGAGCGGTCTCAGGAGCACCGTGGTCACCACACGTTCCTCACAGAGGAGGTTGCCCAGGAGTACCAANNNNNNNNNNNNNNNNNNNNNNNNNNNNNNNNNNNNNNNNNNNNNNNNNNNNNNNNNNNNNNNNNNNNNNNNNNNNNNNNNNNNNNNNNNNNNNNNNNNNGTGAAGCTCCAGGCAGCTCTGGAGATGCTGAGGCAGAAGCAGCAGGAAGCTGAAGAGTTGGAAGCTGACATCAGAGAAGAGAAAGCTTCCTGGAAGNNNNNNNNNNNNNNNNNNNNNNNNNNNNNNNNNNNNNNNNNNNNNNNNNNNNNNNNNNNNNNNNNNNNNNNNNNNNNNNNNNNNNNNNNNNNNNNNNNNNACTCAAATACAGTATGACAAAACCAACGTCTTGGCAGATTTTGAGCAACTGAGAGACATCCTGGACTGGGAGGAGAGCAATGAGCTGCAAAACCTGGAGAAGGAGGAGGAAGACATTCTGAAACGCCTTACGAAGTCTGAAACTGAGATGGTGCAGCAGACCCAGTCCGTGAGAGAGCTCATCTCAGATCTGGAGCATCGGCTGCAGGGGTCAGTGATGGAGCTGCTTCAGNNNNNNNNNNNNNNNNNNNNNNNNNNNNNNNNNNNNNNNNNNNNNNNNNNNNNNNNNNNNNNNNNNNNNNNNNNNNNNNNNNNNNNNNNNNNNNNNNNNNGGTGTGGATGGCGTCATAAAAAGNNNNNNNNNNNNNNNNNNNNNNNNNNNNNNNNNNNNNNNNNNNNNNNNNNNNNNNNNNNNNNNNNNNNNNNNNNNNNNNNNNNNNNNNNNNNNNNNNNNNGATGGAGAACGTGACCTTGAAGAAGCCAGAAACTTTTCCAAAAAATCGAAGGAGAGTGTTTCGAGCTCCTGATCTGAAAGGAATGCTAGAAGTGTTTAGAGNNNNNNNNNNNNNNNNNNNNNNNNNNNNNNNNNNNNNNNNNNNNNNNNNNNNNNNNNNNNNNNNNNNNNNNNNNNNNNNNNNNNNNNNNNNNNNNNNNNNAGCTGACAGATGTCCGACGCTACTGGGNNNNNNNNNNNNNNNNNNNNNNNNNNNNNNNNNNNNNNNNNNNNNNNNNNNNNNNNNNNNNNNNNNNNNNNNNNNNNNNNNNNNNNNNNNNNNNNNNNNNTTGATGTGACAGTGGCTCCAAACAACATTTCATGTGCTGTCATTTCTGAAGATATGAGACAAGTGAGCTCTCCGAAACCACAGATAATATATGGGGCACAAGGGACAAGATATCAGACATTTATGAATTTCAATTATTGTACGGGCATCCTGGGCTCTCAAAGTATCACATCAGGGAAACATTACTGGGAGGTAGACGTGTCCAAGAAAAGTGCTTGGATCCTGGGGGTATGTGCTGGCTTCCAACCTGATGCAACGTGTAATATTGAAAAAAATGAAAATTATCAACCTAAATATGGCTACTGGGTTATAGGGTTAGAGGAAGGAGTTAAATGCAGTGCTTTCCAGGATGGTTCCTTCCATACTCCTTCTGCTCCTTTCATTGTGCCCCTCTCTGTGATTATTTGTCCTGATCGTGTTGGAGTTTTCCTAGACTATGAGGCTTGCACTGTCTCATTCTTCAATATCACAAACCATGGATTTCTCATCTATAAGTTTTCTCACTGTTCTTTTTCTCAGCCTGTATTTCCATATTTAAATCCTAGAAAATGTAGAGTCCCCATGACTCTGTGCTCGCCAAGCTCTTGA'],2086,0.19894534995206137,0.15244487056567593,0.186960690316395,0.17209971236816873,0.0,0.3859060402684564,0.17209971236816873,0.28763183125599234
